{
  "1": {
    "BasicLift": 0.2,
    "None": 0.2,
    "Light": 0.4,
    "Medium": 0.6000000000000001,
    "Heavy": 1.2000000000000002,
    "ExtraHeavy": 2.0
  },
  "2": {
    "BasicLift": 0.8,
    "None": 0.8,
    "Light": 1.6,
    "Medium": 2.4000000000000004,
    "Heavy": 4.800000000000001,
    "ExtraHeavy": 8.0
  },
  "3": {
    "BasicLift": 1.8,
    "None": 1.8,
    "Light": 3.6,
    "Medium": 5.4,
    "Heavy": 10.8,
    "ExtraHeavy": 18.0
  },
  "4": {
    "BasicLift": 3.2,
    "None": 3.2,
    "Light": 6.4,
    "Medium": 9.600000000000001,
    "Heavy": 19.200000000000003,
    "ExtraHeavy": 32.0
  },
  "5": {
    "BasicLift": 5.0,
    "None": 5.0,
    "Light": 10.0,
    "Medium": 15.0,
    "Heavy": 30.0,
    "ExtraHeavy": 50.0
  },
  "6": {
    "BasicLift": 7.2,
    "None": 7.2,
    "Light": 14.4,
    "Medium": 21.6,
    "Heavy": 43.2,
    "ExtraHeavy": 72.0
  },
  "7": {
    "BasicLift": 9.8,
    "None": 9.8,
    "Light": 19.6,
    "Medium": 29.400000000000002,
    "Heavy": 58.800000000000004,
    "ExtraHeavy": 98.0
  },
  "8": {
    "BasicLift": 13.0,
    "None": 13.0,
    "Light": 26.0,
    "Medium": 39.0,
    "Heavy": 78.0,
    "ExtraHeavy": 130.0
  },
  "9": {
    "BasicLift": 16.0,
    "None": 16.0,
    "Light": 32.0,
    "Medium": 48.0,
    "Heavy": 96.0,
    "ExtraHeavy": 160.0
  },
  "10": {
    "BasicLift": 20.0,
    "None": 20.0,
    "Light": 40.0,
    "Medium": 60.0,
    "Heavy": 120.0,
    "ExtraHeavy": 200.0
  },
  "11": {
    "BasicLift": 24.0,
    "None": 24.0,
    "Light": 48.0,
    "Medium": 72.0,
    "Heavy": 144.0,
    "ExtraHeavy": 240.0
  },
  "12": {
    "BasicLift": 29.0,
    "None": 29.0,
    "Light": 58.0,
    "Medium": 87.0,
    "Heavy": 174.0,
    "ExtraHeavy": 290.0
  },
  "13": {
    "BasicLift": 34.0,
    "None": 34.0,
    "Light": 68.0,
    "Medium": 102.0,
    "Heavy": 204.0,
    "ExtraHeavy": 340.0
  },
  "14": {
    "BasicLift": 39.0,
    "None": 39.0,
    "Light": 78.0,
    "Medium": 117.0,
    "Heavy": 234.0,
    "ExtraHeavy": 390.0
  },
  "15": {
    "BasicLift": 45.0,
    "None": 45.0,
    "Light": 90.0,
    "Medium": 135.0,
    "Heavy": 270.0,
    "ExtraHeavy": 450.0
  },
  "16": {
    "BasicLift": 51.0,
    "None": 51.0,
    "Light": 102.0,
    "Medium": 153.0,
    "Heavy": 306.0,
    "ExtraHeavy": 510.0
  },
  "17": {
    "BasicLift": 58.0,
    "None": 58.0,
    "Light": 116.0,
    "Medium": 174.0,
    "Heavy": 348.0,
    "ExtraHeavy": 580.0
  },
  "18": {
    "BasicLift": 65.0,
    "None": 65.0,
    "Light": 130.0,
    "Medium": 195.0,
    "Heavy": 390.0,
    "ExtraHeavy": 650.0
  },
  "19": {
    "BasicLift": 72.0,
    "None": 72.0,
    "Light": 144.0,
    "Medium": 216.0,
    "Heavy": 432.0,
    "ExtraHeavy": 720.0
  },
  "20": {
    "BasicLift": 80.0,
    "None": 80.0,
    "Light": 160.0,
    "Medium": 240.0,
    "Heavy": 480.0,
    "ExtraHeavy": 800.0
  }
}
